{
    "provider": "https://www.exchangerate-api.com",
    "WARNING_UPGRADE_TO_V6": "https://www.exchangerate-api.com/docs/free",
    "terms": "https://www.exchangerate-api.com/terms",
    "base": "INR",
    "date": "2024-01-29",
    "time_last_updated": 1706486401,
    "rates": {
        "INR": 1,
        "AED": 0.0442,
        "AFN": 0.88,
        "ALL": 1.16,
        "AMD": 4.86,
        "ANG": 0.0215,
        "AOA": 10.25,
        "ARS": 9.9,
        "AUD": 0.0183,
        "AWG": 0.0215,
        "AZN": 0.0203,
        "BAM": 0.0217,
        "BBD": 0.024,
        "BDT": 1.32,
        "BGN": 0.0217,
        "BHD": 0.00452,
        "BIF": 34.26,
        "BMD": 0.012,
        "BND": 0.0161,
        "BOB": 0.0821,
        "BRL": 0.0591,
        "BSD": 0.012,
        "BTN": 1,
        "BWP": 0.162,
        "BYN": 0.0386,
        "BZD": 0.024,
        "CAD": 0.0162,
        "CDF": 31.9,
        "CHF": 0.0104,
        "CLP": 10.97,
        "CNY": 0.0863,
        "COP": 47.92,
        "CRC": 6.21,
        "CUP": 0.289,
        "CVE": 1.22,
        "CZK": 0.274,
        "DJF": 2.14,
        "DKK": 0.0827,
        "DOP": 0.688,
        "DZD": 1.61,
        "EGP": 0.372,
        "ERN": 0.18,
        "ETB": 0.681,
        "EUR": 0.0111,
        "FJD": 0.0269,
        "FKP": 0.00947,
        "FOK": 0.0827,
        "GBP": 0.00947,
        "GEL": 0.0321,
        "GGP": 0.00947,
        "GHS": 0.149,
        "GIP": 0.00947,
        "GMD": 0.805,
        "GNF": 102.88,
        "GTQ": 0.0929,
        "GYD": 2.52,
        "HKD": 0.094,
        "HNL": 0.293,
        "HRK": 0.0835,
        "HTG": 1.59,
        "HUF": 4.29,
        "IDR": 189.9,
        "ILS": 0.0444,
        "IMP": 0.00947,
        "IQD": 15.74,
        "IRR": 522.49,
        "ISK": 1.64,
        "JEP": 0.00947,
        "JMD": 1.84,
        "JOD": 0.00853,
        "JPY": 1.78,
        "KES": 1.95,
        "KGS": 1.07,
        "KHR": 49.33,
        "KID": 0.0183,
        "KMF": 5.45,
        "KRW": 16.06,
        "KWD": 0.00368,
        "KYD": 0.01,
        "KZT": 5.42,
        "LAK": 244.56,
        "LBP": 180.36,
        "LKR": 3.83,
        "LRD": 2.27,
        "LSL": 0.226,
        "LYD": 0.0579,
        "MAD": 0.12,
        "MDL": 0.213,
        "MGA": 54.41,
        "MKD": 0.682,
        "MMK": 30.31,
        "MNT": 41.23,
        "MOP": 0.0968,
        "MRU": 0.476,
        "MUR": 0.541,
        "MVR": 0.183,
        "MWK": 20.25,
        "MXN": 0.207,
        "MYR": 0.0569,
        "MZN": 0.768,
        "NAD": 0.226,
        "NGN": 9.93,
        "NIO": 0.437,
        "NOK": 0.125,
        "NPR": 1.6,
        "NZD": 0.0197,
        "OMR": 0.00462,
        "PAB": 0.012,
        "PEN": 0.0455,
        "PGK": 0.0446,
        "PHP": 0.678,
        "PKR": 3.35,
        "PLN": 0.0485,
        "PYG": 87.54,
        "QAR": 0.0438,
        "RON": 0.0551,
        "RSD": 1.3,
        "RUB": 1.08,
        "RWF": 15.41,
        "SAR": 0.0451,
        "SBD": 0.102,
        "SCR": 0.166,
        "SDG": 5.38,
        "SEK": 0.126,
        "SGD": 0.0161,
        "SHP": 0.00947,
        "SLE": 0.27,
        "SLL": 270.31,
        "SOS": 6.88,
        "SRD": 0.444,
        "SSP": 13.3,
        "STN": 0.272,
        "SYP": 153.18,
        "SZL": 0.226,
        "THB": 0.428,
        "TJS": 0.132,
        "TMT": 0.0421,
        "TND": 0.0374,
        "TOP": 0.0281,
        "TRY": 0.365,
        "TTD": 0.0795,
        "TVD": 0.0183,
        "TWD": 0.375,
        "TZS": 30.59,
        "UAH": 0.455,
        "UGX": 45.71,
        "USD": 0.012,
        "UYU": 0.468,
        "UZS": 148.07,
        "VES": 0.435,
        "VND": 294.31,
        "VUV": 1.44,
        "WST": 0.0326,
        "XAF": 7.27,
        "XCD": 0.0325,
        "XDR": 0.00905,
        "XOF": 7.27,
        "XPF": 1.32,
        "YER": 2.97,
        "ZAR": 0.226,
        "ZMW": 0.325,
        "ZWL": 116.47
    }
}