m0	10 things i hate about you	1999	6.90	62847	['comedy' 'romance']
m1	1492: conquest of paradise	1992	6.20	10421	['adventure' 'biography' 'drama' 'history']
m2	15 minutes	2001	6.10	25854	['action' 'crime' 'drama' 'thriller']
m3	2001: a space odyssey	1968	8.40	163227	['adventure' 'mystery' 'sci-fi']
m4	48 hrs.	1982	6.90	22289	['action' 'comedy' 'crime' 'drama' 'thriller']
m5	the fifth element	1997	7.50	133756	['action' 'adventure' 'romance' 'sci-fi' 'thriller']
m6	8mm	1999	6.30	48212	['crime' 'mystery' 'thriller']


